award_bk,year,category,nominee,artist_credit,workers,matched_artist,match_method,recognition_tier,label
1983|Best Pop Performance By A Duo Or Group With Vocal|Every Breath You Take|The Police,1983,Best Pop Performance By A Duo Or Group With Vocal,Every Breath You Take,The Police,,The Police,exact,A,
2011|Best Long Form Music Video|Foo Fighters: Back And Forth|Foo Fighters,2011,Best Long Form Music Video,Foo Fighters: Back And Forth,Foo Fighters,"James Moll, video director; James Moll & Nigel Sinclair, video producers",Foo Fighters,exact,A,
1995|Record Of The Year|Kiss From A Rose|Seal,1995,Record Of The Year,Kiss From A Rose,Seal,"Trevor Horn, producer",Seal,exact,A,
"1986|Best R&B Vocal Performance, Male|Living In America|James Brown",1986,"Best R&B Vocal Performance, Male",Living In America,James Brown,,James Brown,exact,A,
2013|Album Of The Year|Random Access Memories|Daft Punk,2013,Album Of The Year,Random Access Memories,Daft Punk,"Julian Casablancas, DJ Falcon, Todd Edwards, Chilly Gonzales, Giorgio Moroder, Panda Bear, Nile Rodgers, Paul Williams & Pharrell Williams, featured artists; Thomas Bangalter, Julian Casablancas, Guy-Manuel de Homem-Christo, DJ Falcon & Todd Edwards, producers; Peter Franco, Mick Guzauski, Florian Lagatta, Guillaume Le Braz & Daniel Lerner, engineers/mixers; Antoine Chabert & Bob Ludwig, mastering engineers",Daft Punk,exact,A,
2003|Record Of The Year|Clocks|Coldplay,2003,Record Of The Year,Clocks,Coldplay,"Coldplay & Ken Nelson, producers; Coldplay (Guy Berryman, Jon Buckland, Will Champion, Phil Harvey & Chris Martin), Ken Nelson & Mark Phythian, engineers/mixers",Coldplay,exact,A,
1983|Record Of The Year|Beat It|Michael Jackson,1983,Record Of The Year,Beat It,Michael Jackson,"Michael Jackson & Quincy Jones, producers",Michael Jackson,exact,A,
2003|Best Country Instrumental Performance|Cluck Old Hen|Alison Krauss & Union Station,2003,Best Country Instrumental Performance,Cluck Old Hen,Alison Krauss & Union Station,,Alison Krauss & Union Station,exact,A,
1996|Album Of The Year|Falling Into You|Celine Dion,1996,Album Of The Year,Falling Into You,Celine Dion,"Roy Bittan, Jeff Bova, David Foster, Humberto Gatica, Jean-Jacques Goldman, Rick Hahn, Dan Hill, John Jones, Aldo Nova, Rick Nowels, Steven Rinkoff, Billy Steinberg, Jim Steinman & Ric Wake, producers",Celine Dion,exact,A,
1966|Best Performance By A Vocal Group|A Man And A Woman|Anita Kerr Singers,1966,Best Performance By A Vocal Group,A Man And A Woman,Anita Kerr Singers,,Anita Kerr Singers,exact,A,
1990|Best Hard Rock Performance|Time's Up|Living Colour,1990,Best Hard Rock Performance,Time's Up,Living Colour,,Living Colour,exact,A,
"2019|Best Pop Vocal Album|When We All Fall Asleep, Where Do We Go?|Billie Eilish",2019,Best Pop Vocal Album,"When We All Fall Asleep, Where Do We Go?",Billie Eilish,,Billie Eilish,exact,A,
2007|Best Rap Solo Performance|Stronger|Kanye West,2007,Best Rap Solo Performance,Stronger,Kanye West,,Kanye West,exact,A,
1996|Best Male Rock Vocal Performance|Where It's At|Beck,1996,Best Male Rock Vocal Performance,Where It's At,Beck,,Beck,exact,A,
2018|Best R&B Album|H.E.R.|H.E.R.,2018,Best R&B Album,H.E.R.,H.E.R.,"Darhyl ""DJ"" Camper, David ""Swagg R'Celius"" Harris, H.E.R., Walter Jones & Jeff Robinson, producers; Mikinari Tsutsumi, engineer/mixer",H.E.R. Featuring Bryson Tiller,exact,A,
1963|Best Performance By An Orchestra Or Instrumentalist With Orchestra - Primarily Not Jazz Or For Dancing|Java|Al Hirt,1963,Best Performance By An Orchestra Or Instrumentalist With Orchestra - Primarily Not Jazz Or For Dancing,Java,Al Hirt,,Al Hirt,exact,A,
1981|Best R&B Performance By A Duo Or Group With Vocal|The Dude|Quincy Jones,1981,Best R&B Performance By A Duo Or Group With Vocal,The Dude,Quincy Jones,,Quincy Jones,exact,A,
1970|Best Contemporary Song|Bridge Over Troubled Water|(Simon And Garfunkel),1970,Best Contemporary Song,Bridge Over Troubled Water,(Simon And Garfunkel),"Paul Simon, songwriter",Simon And Garfunkel,exact,A,
1997|Best Musical Album For Children|All Aboard!|John Denver,1997,Best Musical Album For Children,All Aboard!,John Denver,John Denver,John Denver,exact,A,
2011|Best Short Form Music Video|Rolling In The Deep|Adele,2011,Best Short Form Music Video,Rolling In The Deep,Adele,"Sam Brown, video director; Hannah Chandler, video producer",Adele,exact,A,
"1966|Best Rhythm & Blues Solo Vocal Performance, Male Or Female|Crying Time|Ray Charles",1966,"Best Rhythm & Blues Solo Vocal Performance, Male Or Female",Crying Time,Ray Charles,,Ray Charles & Various Artists,exact,A,
1964|Best Country & Western Album|Dang Me/Chug-A-Lug|Roger Miller,1964,Best Country & Western Album,Dang Me/Chug-A-Lug,Roger Miller,,Roger Miller,exact,A,
1987|Best Traditional Folk Recording|Shaka Zulu|Ladysmith Black Mambazo,1987,Best Traditional Folk Recording,Shaka Zulu,Ladysmith Black Mambazo,,Ladysmith Black Mambazo,exact,A,
2012|Best Contemporary Christian Music Album|Eye On It|TobyMac,2012,Best Contemporary Christian Music Album,Eye On It,TobyMac,"Christopher Stevens & Tobymac, producers; Jerricho Scroggins, Christopher Stevens & Taylor Stevens, engineers/mixers",TobyMac,exact,A,
2011|Best Country Duo/Group Performance|Barton Hollow|The Civil Wars,2011,Best Country Duo/Group Performance,Barton Hollow,The Civil Wars,,The Civil Wars,exact,A,
1998|Record Of The Year|My Heart Will Go On (Love Theme From Titanic)|Celine Dion,1998,Record Of The Year,My Heart Will Go On (Love Theme From Titanic),Celine Dion,"Walter Afanasieff, Simon Franglen & James Horner, producers; Simon Franglen, Humberto Gatica & David Gleeson, engineers/mixers",Celine Dion,exact,A,
1989|Best Music Video - Long Form|Rhythm Nation 1814|Janet Jackson,1989,Best Music Video - Long Form,Rhythm Nation 1814,Janet Jackson,"Jonathan Dayton, Valerie Faris & Dominic Sena, video directors; Jonathan Dayton, Valerie Faris & Aris McGarry, video producers",Janet Jackson,exact,A,
1984|Best R&B Instrumental Performance|Sound System|Herbie Hancock,1984,Best R&B Instrumental Performance,Sound System,Herbie Hancock,,Herbie Hancock,exact,A,
2010|Best Male Pop Vocal Performance|Just The Way You Are|Bruno Mars,2010,Best Male Pop Vocal Performance,Just The Way You Are,Bruno Mars,,Bruno Mars,exact,A,
2006|Best Metal Performance|Eyes Of The Insane|Slayer,2006,Best Metal Performance,Eyes Of The Insane,Slayer,,Slayer,exact,A,
2011|Best Dance Recording|Scary Monsters And Nice Sprites|Skrillex,2011,Best Dance Recording,Scary Monsters And Nice Sprites,Skrillex,"Skrillex, producer; Skrillex, mixer",Skrillex,exact,A,
1987|Best Latin Pop Performance|Un Hombre Solo|Julio Iglesias,1987,Best Latin Pop Performance,Un Hombre Solo,Julio Iglesias,,Julio Iglesias,exact,A,
2010|Best Female Pop Vocal Performance|Bad Romance|Lady Gaga,2010,Best Female Pop Vocal Performance,Bad Romance,Lady Gaga,,Lady Gaga,exact,A,
1989|Best R&B Instrumental Performance|African Dance|Soul II Soul,1989,Best R&B Instrumental Performance,African Dance,Soul II Soul,,Soul II Soul,exact,A,
"1979|Best Rock Vocal Performance, Female|Hot Stuff|Donna Summer",1979,"Best Rock Vocal Performance, Female",Hot Stuff,Donna Summer,,Donna Summer,exact,A,
1965|Best Instrumental Jazz Performance - Large Group Or Soloist With Large Group|Ellington '66|Duke Ellington,1965,Best Instrumental Jazz Performance - Large Group Or Soloist With Large Group,Ellington '66,Duke Ellington,,Duke Ellington,exact,A,
1983|Best Rock Instrumental Performance|Brimstone And Treacle|Sting,1983,Best Rock Instrumental Performance,Brimstone And Treacle,Sting,,Sting,exact,A,
1975|Best Ethnic Or Traditional Recording|The Muddy Waters Woodstock Album|Muddy Waters,1975,Best Ethnic Or Traditional Recording,The Muddy Waters Woodstock Album,Muddy Waters,,Muddy Waters,exact,A,
2006|Best Male Pop Vocal Performance|Waiting On The World To Change|John Mayer,2006,Best Male Pop Vocal Performance,Waiting On The World To Change,John Mayer,,John Mayer,exact,A,
2008|Best Electronic/Dance Album|Alive 2007|Daft Punk,2008,Best Electronic/Dance Album,Alive 2007,Daft Punk,,Daft Punk,exact,A,
2019|Best Rap Performance|Clout|Offset Featuring Cardi B,2019,Best Rap Performance,Clout,Offset Featuring Cardi B,,Cardi B,split,A,
2019|Best Dance Recording|Piece Of Your Heart|Meduza Featuring Goodboys,2019,Best Dance Recording,Piece Of Your Heart,Meduza Featuring Goodboys,"Simone Giani, Luca De Gregorio & Mattia Vitale, producers; Simone Giani, Luca De Gregorio & Mattia Vitale, mixers",Goodboys,split,A,
"2001|Best Classical Crossover Album|Perpetual Motion - Scarlatti, Bach, Debussy, Chopin|Béla Fleck, Edgar Meyer, Joshua Bell, John Williams & Evelyn Glennie",2001,Best Classical Crossover Album,"Perpetual Motion - Scarlatti, Bach, Debussy, Chopin","Béla Fleck, Edgar Meyer, Joshua Bell, John Williams & Evelyn Glennie","Béla Fleck & Edgar Meyer, producers; Robert Battaglia, engineer",John Williams,split,A,
"2019|Best Latin Jazz Album|Sorte!: Music By John Finbury|Thalma de Freitas With Vitor Gonçalves, John Patitucci, Chico Pinheiro, Rogerio Boccato & Duduka Da Fonseca",2019,Best Latin Jazz Album,Sorte!: Music By John Finbury,"Thalma de Freitas With Vitor Gonçalves, John Patitucci, Chico Pinheiro, Rogerio Boccato & Duduka Da Fonseca",,Thalma De Freitas,split,A,
"2016|Best Song Written For Visual Media|Can't Stop The Feeling!|Max Martin, Shellback & Justin Timberlake, songwriters (Justin Timberlake, Anna Kendrick, Gwen Stefani, James Corden, Zooey Deschanel, Walt Dohrn, Ron Funches, Caroline Hjelt, Aino Jawo, Christopher Mintz-Plasse & Kunal Nayyar)",2016,Best Song Written For Visual Media,Can't Stop The Feeling!,"Max Martin, Shellback & Justin Timberlake, songwriters (Justin Timberlake, Anna Kendrick, Gwen Stefani, James Corden, Zooey Deschanel, Walt Dohrn, Ron Funches, Caroline Hjelt, Aino Jawo, Christopher Mintz-Plasse & Kunal Nayyar)",,Gwen Stefani,split,A,
2006|Best Pop Collaboration With Vocals|For Once In My Life|Tony Bennett & Stevie Wonder,2006,Best Pop Collaboration With Vocals,For Once In My Life,Tony Bennett & Stevie Wonder,,Tony Bennett,split,A,
"2002|Best Bluegrass Album|Lost In The Lonesome Pines|Jim Lauderdale, Ralph Stanley & The Clinch Mountain Boys",2002,Best Bluegrass Album,Lost In The Lonesome Pines,"Jim Lauderdale, Ralph Stanley & The Clinch Mountain Boys","Jim Lauderdale, producer; David Castle, engineer/mixer",Ralph Stanley,split,A,
2018|Best Dance Recording|Electricity|Silk City & Dua Lipa Featuring Diplo & Mark Ronson,2018,Best Dance Recording,Electricity,Silk City & Dua Lipa Featuring Diplo & Mark Ronson,"Jarami, Alex Metric, Riton & Silk City, producers; Josh Gudwin, mixer",Silk City & Dua Lipa Featuring Diplo & Mark Ronson,split,A,
2012|Best Rap Performance|N****s In Paris|Jay-Z & Kanye West,2012,Best Rap Performance,N****s In Paris,Jay-Z & Kanye West,,Kanye West,split,A,
2000|Best Rap Performance By A Duo Or Group|Forgot About Dre|Dr. Dre Featuring Eminem,2000,Best Rap Performance By A Duo Or Group,Forgot About Dre,Dr. Dre Featuring Eminem,,Dr. Dre,split,A,
"1987|Best Country Performance By A Duo Or Group With Vocal|Trio|Dolly Parton, Linda Ronstadt & Emmylou Harris",1987,Best Country Performance By A Duo Or Group With Vocal,Trio,"Dolly Parton, Linda Ronstadt & Emmylou Harris",,Dolly Parton,split,A,
1995|Best Pop Collaboration With Vocals|Have I Told You Lately That I Love You?|The Chieftains & Van Morrison,1995,Best Pop Collaboration With Vocals,Have I Told You Lately That I Love You?,The Chieftains & Van Morrison,,Van Morrison,split,A,
2002|Best R&B Performance By A Duo Or Group With Vocal|Love's In Need Of Love Today|Stevie Wonder & Take 6,2002,Best R&B Performance By A Duo Or Group With Vocal,Love's In Need Of Love Today,Stevie Wonder & Take 6,,Stevie Wonder,split,A,
"1999|Best Country Collaboration With Vocals|After The Gold Rush|Emmylou Harris, Linda Ronstadt & Dolly Parton",1999,Best Country Collaboration With Vocals,After The Gold Rush,"Emmylou Harris, Linda Ronstadt & Dolly Parton",,Emmylou Harris & The Nash Ramblers,split,A,
"2012|Best Folk Album|The Goat Rodeo Sessions|Yo-Yo Ma, Stuart Duncan, Edgar Meyer & Chris Thile",2012,Best Folk Album,The Goat Rodeo Sessions,"Yo-Yo Ma, Stuart Duncan, Edgar Meyer & Chris Thile","Steven Epstein, producer; Richard King, engineer/mixer",Edgar Meyer,split,A,
1996|Best Contemporary Soul Gospel Album|Whatcha Lookin' 4|Kirk Franklin & The Family,1996,Best Contemporary Soul Gospel Album,Whatcha Lookin' 4,Kirk Franklin & The Family,,Kirk Franklin,split,A,
2004|Best Gospel Performance|Heaven Help Us All|Ray Charles & Gladys Knight,2004,Best Gospel Performance,Heaven Help Us All,Ray Charles & Gladys Knight,,Ray Charles & Various Artists,split,A,
2014|Best Pop Duo/Group Performance|Say Something|A Great Big World With Christina Aguilera,2014,Best Pop Duo/Group Performance,Say Something,A Great Big World With Christina Aguilera,,A Great Big World,split,A,
2019|Best Pop Duo/Group Performance|Old Town Road|Lil Nas X Featuring Billy Ray Cyrus,2019,Best Pop Duo/Group Performance,Old Town Road,Lil Nas X Featuring Billy Ray Cyrus,,Lil Nas X Featuring Billy Ray Cyrus,split,A,
1993|Best Country Vocal Collaboration|Does He Love You|Reba McEntire & Linda Davis,1993,Best Country Vocal Collaboration,Does He Love You,Reba McEntire & Linda Davis,,Reba McEntire & Linda Davis,split,A,
1995|Best Country Instrumental Performance|Hightower|Asleep At The Wheel Featuring Béla Fleck & Johnny Gimble,1995,Best Country Instrumental Performance,Hightower,Asleep At The Wheel Featuring Béla Fleck & Johnny Gimble,,Béla Fleck,split,A,
"1997|Best Song Written Specifically For A Motion Picture Or For Television|I Believe I Can Fly (From Space Jam)|R. Kelly, songwriter (R. Kelly)",1997,Best Song Written Specifically For A Motion Picture Or For Television,I Believe I Can Fly (From Space Jam),"R. Kelly, songwriter (R. Kelly)",,R. Kelly,split,A,
1999|Record Of The Year|Smooth|Santana Featuring Rob Thomas,1999,Record Of The Year,Smooth,Santana Featuring Rob Thomas,"Matt Serletic, producer; David Thoener, engineer/mixer",Santana & Michelle Branch,split,A,
"2002|Best Jazz Instrumental Album, Individual or Group|Directions In Music|Herbie Hancock, Michael Brecker & Roy Hargrove",2002,"Best Jazz Instrumental Album, Individual or Group",Directions In Music,"Herbie Hancock, Michael Brecker & Roy Hargrove","Michael Brecker & Jason Olaine, producers; Doug Doctor, Rob Griffin & Jay Newland, engineers/mixers",Herbie Hancock,split,A,
"2016|Best Song Written For Visual Media|Can't Stop The Feeling!|Max Martin, Shellback & Justin Timberlake, songwriters (Justin Timberlake, Anna Kendrick, Gwen Stefani, James Corden, Zooey Deschanel, Walt Dohrn, Ron Funches, Caroline Hjelt, Aino Jawo, Christopher Mintz-Plasse & Kunal Nayyar)",2016,Best Song Written For Visual Media,Can't Stop The Feeling!,"Max Martin, Shellback & Justin Timberlake, songwriters (Justin Timberlake, Anna Kendrick, Gwen Stefani, James Corden, Zooey Deschanel, Walt Dohrn, Ron Funches, Caroline Hjelt, Aino Jawo, Christopher Mintz-Plasse & Kunal Nayyar)",,Zooey Deschanel,split,A,
1997|Best Country Collaboration With Vocals|In Another's Eyes|Trisha Yearwood & Garth Brooks,1997,Best Country Collaboration With Vocals,In Another's Eyes,Trisha Yearwood & Garth Brooks,,Aaron Neville & Trisha Yearwood,split,A,
"1964|Best Recording For Children|Mary Poppins|Julie Andrews, Dick Van Dyke",1964,Best Recording For Children,Mary Poppins,"Julie Andrews, Dick Van Dyke",,Julie Andrews,split,A,
"1990|Best Rap Performance By A Duo Or Group|Back On The Block|Melle Mel, Ice-T, Big Daddy Kane, Kool Moe Dee, Quincy Jones & Quincy D. III",1990,Best Rap Performance By A Duo Or Group,Back On The Block,"Melle Mel, Ice-T, Big Daddy Kane, Kool Moe Dee, Quincy Jones & Quincy D. III",,Quincy Jones,split,A,
1999|Record Of The Year|Smooth|Santana Featuring Rob Thomas,1999,Record Of The Year,Smooth,Santana Featuring Rob Thomas,"Matt Serletic, producer; David Thoener, engineer/mixer",Rob Thomas,split,A,
2002|Best New Age Album|Acoustic Garden|Eric Tingstad & Nancy Rumbel,2002,Best New Age Album,Acoustic Garden,Eric Tingstad & Nancy Rumbel,"Nancy Rumbel & Eric Tingstad, producers; Les Kahn & Eric Tingstad, engineers/mixers",Eric Tingstad,split,A,
2017|Best Rap/Sung Performance|LOYALTY.|Kendrick Lamar Featuring Rihanna,2017,Best Rap/Sung Performance,LOYALTY.,Kendrick Lamar Featuring Rihanna,,Kendrick Lamar,split,A,
"1986|Best Pop Instrumental Performance, (Orchestra, Group Or Soloist)|Top Gun Anthem|Harold Faltermeyer & Steve Stevens",1986,"Best Pop Instrumental Performance, (Orchestra, Group Or Soloist)",Top Gun Anthem,Harold Faltermeyer & Steve Stevens,,Steve Stevens,split,A,
1960|Best Sound Track Album Or Recording Of Original Cast From A Motion Picture Or Television|Can Can|Frank Sinatra And Original Cast,1960,Best Sound Track Album Or Recording Of Original Cast From A Motion Picture Or Television,Can Can,Frank Sinatra And Original Cast,"Cole Porter, composer.",Frank Sinatra,split,A,
"1987|Best Soul Gospel Performance By A Duo, Group, Choir Or Chorus|Ain't No Need To Worry|Anita Baker & The Winans",1987,"Best Soul Gospel Performance By A Duo, Group, Choir Or Chorus",Ain't No Need To Worry,Anita Baker & The Winans,,Anita Baker,split,A,
2019|Best R&B Performance|Come Home|Anderson .Paak Featuring André 3000,2019,Best R&B Performance,Come Home,Anderson .Paak Featuring André 3000,,Anderson .Paak,split,A,
2019|Best Pop Duo/Group Performance|Sunflower|Post Malone & Swae Lee,2019,Best Pop Duo/Group Performance,Sunflower,Post Malone & Swae Lee,,Swae Lee,split,A,
"1986|Best Rock Instrumental Performance (Orchestra, Group Or Soloist)|Peter Gunn|The Art Of Noise Featuring Duane Eddy",1986,"Best Rock Instrumental Performance (Orchestra, Group Or Soloist)",Peter Gunn,The Art Of Noise Featuring Duane Eddy,,The Art Of Noise Featuring Duane Eddy,split,A,
"1987|Best Country Performance By A Duo Or Group With Vocal|Trio|Dolly Parton, Linda Ronstadt & Emmylou Harris",1987,Best Country Performance By A Duo Or Group With Vocal,Trio,"Dolly Parton, Linda Ronstadt & Emmylou Harris",,Linda Ronstadt,split,A,
1996|Best Pop Instrumental Performance|The Sinister Minister|Béla Fleck & The Flecktones,1996,Best Pop Instrumental Performance,The Sinister Minister,Béla Fleck & The Flecktones,,Béla Fleck,split,A,
2002|Best Country Collaboration With Vocals|Mendocino County Line|Willie Nelson & Lee Ann Womack,2002,Best Country Collaboration With Vocals,Mendocino County Line,Willie Nelson & Lee Ann Womack,,Willie Nelson,split,A,
1974|Song Of The Year|The Way We Were|,1974,Song Of The Year,The Way We Were,,"Alan Bergman, Marilyn Bergman & Marvin Hamlisch, songwriters (Barbra Streisand)",Barbra Streisand,workers,B,
"1980|Best Engineered Recording, Classical|Berg: Lulu (Complete Version)|",1980,"Best Engineered Recording, Classical",Berg: Lulu (Complete Version),,"Karl-August Naegler, engineer (Pierre Boulez, conductor)",Pierre Boulez,workers,C,
2019|Best Contemporary Classical Composition|Wolfe: Fire In My Mouth|,2019,Best Contemporary Classical Composition,Wolfe: Fire In My Mouth,,"Julia Wolfe, composer (Jaap Van Zweden, Francisco J. Núñez, Donald Nally, The Crossing, Young People's Chorus Of NY City & New York Philharmonic)",New York Philharmonic,workers,B,
2010|Best R&B Song|Shine|,2010,Best R&B Song,Shine,,"John Legend, songwriter (John Legend & The Roots)",The Roots,workers,B,
2014|Best Instrumental Composition|The Book Thief|,2014,Best Instrumental Composition,The Book Thief,,"John Williams, composer (John Williams)",John Williams,workers,B,
1966|Best Score From An Original Cast Show Album|Mame|,1966,Best Score From An Original Cast Show Album,Mame,,"Jerry Herman, composer (Angela Lansbury, Bea Arthur, Jane Connell, Charles Braswell, Jerry Lanning, Frankie Michaels)",Angela Lansbury,workers,B,
"1986|Best Historical Album|Atlantic Rhythm And Blues 1947-1974, Vols. 1-7|",1986,Best Historical Album,"Atlantic Rhythm And Blues 1947-1974, Vols. 1-7",,"(Brook Benton, Ray Charles, The Coasters, The Drifters, Roberta Flack, Aretha Franklin, Otis Redding & Others)",The Coasters,workers,C,
2007|Best Gospel Song|Blessed & Highly Favored|,2007,Best Gospel Song,Blessed & Highly Favored,,"Karen Clark-Sheard, songwriter (The Clark Sisters)",The Clark Sisters,workers,B,
2003|Best R&B Song|Crazy In Love|,2003,Best R&B Song,Crazy In Love,,"Rich Harrison, Jay-Z & Beyoncé Knowles, songwriters (Beyoncé Featuring Jay-Z)",Jay-Z,workers,B,
1968|Best Engineered Recording (Non-Classical)|Wichita Lineman|,1968,Best Engineered Recording (Non-Classical),Wichita Lineman,,"Hugh Davies & Joe Polito, engineers (Glen Campbell)",Glen Campbell,workers,C,
1991|Song Of The Year|Unforgettable|,1991,Song Of The Year,Unforgettable,,"Irving Gordon, songwriter (Natalie Cole [With Nat ""King"" Cole])",Natalie Cole,workers,B,
1983|Best Instrumental Arrangement Accompanying Vocal(s)|What's New|,1983,Best Instrumental Arrangement Accompanying Vocal(s),What's New,,"Nelson Riddle, arranger (Linda Ronstadt)",Linda Ronstadt,workers,C,
"2006|Best Score Soundtrack Album For Motion Picture, Television Or Other Visual Media|Memoirs Of A Geisha|",2006,"Best Score Soundtrack Album For Motion Picture, Television Or Other Visual Media",Memoirs Of A Geisha,,"John Williams, composer; Shawn Murphy, engineer/mixer (Itzhak Perlman, Yo-Yo Ma & John Williams)",Yo-Yo Ma,workers,B,
"1967|Best Album Cover, Graphic Arts|Sgt. Pepper's Lonely Hearts Club Band|",1967,"Best Album Cover, Graphic Arts",Sgt. Pepper's Lonely Hearts Club Band,,"Peter Blake & Jann Haworth, art directors (The Beatles)",The Beatles,workers,B,
2019|Best Rap Song|Gold Roses|,2019,Best Rap Song,Gold Roses,,"Noel Cadastre, Aubrey Graham, Anderson Hernandez, Khristopher Riddick-Tynes, William Leonard Roberts II, Joshua Quinton Scruggs, Leon Thomas III & Ozan Yildirim, songwriters (Rick Ross Featuring Drake)",Drake,workers,B,
1993|Best Album Notes|The Complete Billie Holiday On Verve 1945-1959|,1993,Best Album Notes,The Complete Billie Holiday On Verve 1945-1959,,"Buck Clayton, Phil Schaap & Joel E. Siegel, album notes writers (Billie Holiday)",Billie Holiday,workers,C,
1983|Best Vocal Arrangement For Two Or More Voices|Be Bop Medley|,1983,Best Vocal Arrangement For Two Or More Voices,Be Bop Medley,,"Chaka Khan & Arif Mardin, arrangers (Chaka Khan)",Chaka Khan & The Funk Brothers,workers,C,
2002|Best Instrumental Soloist(s) Performance (with Orchestra)|Brahms/Stravinsky: Violin Concertos|,2002,Best Instrumental Soloist(s) Performance (with Orchestra),Brahms/Stravinsky: Violin Concertos,,"Hilary Hahn, artist; Thomas Frost, producer; Richard King, engineer (Academy Of St. Martin-In-The Fields)",Academy of St. Martin in the Fields,workers,B,
"2015|Best Engineered Album, Non-Classical|Sound & Color|",2015,"Best Engineered Album, Non-Classical",Sound & Color,,"Shawn Everett, engineer; Bob Ludwig, mastering engineer (Alabama Shakes)",Alabama Shakes,workers,C,
2007|Best Musical Show Album|Spring Awakening|,2007,Best Musical Show Album,Spring Awakening,,"Duncan Sheik, composer; Steven Sater, lyricist; Duncan Sheik, producer; Michael Tudor, engineer (Original Broadway Cast With Jonathan Groff, Lea Michele & Others)",Jonathan Groff,workers,B,
2011|Best Instrumental Arrangement Accompanying Vocalist(s)|Who Can I Turn To (When Nobody Needs Me)|,2011,Best Instrumental Arrangement Accompanying Vocalist(s),Who Can I Turn To (When Nobody Needs Me),,"Jorge Calandrelli, arranger (Tony Bennett & Queen Latifah)",Queen Latifah,workers,C,
2019|Best Boxed Or Special Limited Edition Package|1963: New Directions|,2019,Best Boxed Or Special Limited Edition Package,1963: New Directions,,"Josh Cheuse, art director (John Coltrane)",John Coltrane,workers,C,
1993|Best Engineered Album - Non-Classical|Ten Summoner's Tales|,1993,Best Engineered Album - Non-Classical,Ten Summoner's Tales,,"Hugh Padgham, engineer (Sting)",Sting,workers,C,
2010|Best Rock Song|Angry World|,2010,Best Rock Song,Angry World,,"Neil Young, songwriter (Neil Young)",Neil Young,workers,B,
1970|Best Original Score Written For A Motion Picture Or A Television Special|Let It Be|,1970,Best Original Score Written For A Motion Picture Or A Television Special,Let It Be,,"George Harrison, John Lennon, Paul McCartney & Ringo Starr, composers (The Beatles)",The Beatles,workers,B,
1963|Best Classical Performance - Orchestra|Bartók: Concerto For Orchestra|,1963,Best Classical Performance - Orchestra,Bartók: Concerto For Orchestra,,(Boston Symphony Orchestra),Boston Symphony Orchestra,workers,B,
"2010|Best Engineered Album, Non-Classical|Battle Studies|",2010,"Best Engineered Album, Non-Classical",Battle Studies,,"Michael H. Brauer, Joe Ferla, Chad Franscoviak & Manny Marroquin, engineers (John Mayer)",John Mayer,workers,C,
1980|Best Engineered Recording - Non-Classical|The Wall|,1980,Best Engineered Recording - Non-Classical,The Wall,,"James Guthrie, engineer (Pink Floyd)",Pink Floyd,workers,C,
2013|Best Classical Compendium|Hindemith: Violinkonzert; Symphonic Metamorphosis; Konzertmusik|,2013,Best Classical Compendium,Hindemith: Violinkonzert; Symphonic Metamorphosis; Konzertmusik,,"Christoph Eschenbach, conductor; Dominik Blech & Björn Brigsne, engineers (Christoph Eschenbach)",Christoph Eschenbach,workers,B,
"1984|Best Classical Performance - Instrumental Soloist Or Soloists (With Orchestra)|Wynton Marsalis-Edita Gruberova-Handel, Purcell, Etc,|",1984,Best Classical Performance - Instrumental Soloist Or Soloists (With Orchestra),"Wynton Marsalis-Edita Gruberova-Handel, Purcell, Etc,",,"Wynton Marsalis, artist (English Chamber Orchestra)",English Chamber Orchestra,workers,B,
1981|Best Country Song|9 To 5|,1981,Best Country Song,9 To 5,,"Dolly Parton, songwriter (Dolly Parton)",Dolly Parton,workers,B,
1981|Best Classical Performance - Instrumental Soloist Or Soloists (With Orchestra)|Isaac Stern 60th Anniversary Celebration|,1981,Best Classical Performance - Instrumental Soloist Or Soloists (With Orchestra),Isaac Stern 60th Anniversary Celebration,,"Itzhak Perlman, Isaac Stern & Pinchas Zukerman, artists (New York Philharmonic)",New York Philharmonic,workers,B,
2012|Song Of The Year|We Are Young|,2012,Song Of The Year,We Are Young,,"Jack Antonoff, Jeff Bhasker, Andrew Dost & Nate Ruess, songwriters (Fun. Featuring Janelle Monáe)",fun,workers,B,
"1978|Best Engineered Recording, Classical|Varese: Ameriques/Arcana/Ionisation (Boulez Conducts Varese)|",1978,"Best Engineered Recording, Classical",Varese: Ameriques/Arcana/Ionisation (Boulez Conducts Varese),,"Edward (Bud) T. Graham, Arthur Kendy & Ray Moore, engineers (Pierre Boulez, conductor)",Pierre Boulez,workers,C,
1964|Best Engineered Recording - Non-Classical|Getz/Gilberto|,1964,Best Engineered Recording - Non-Classical,Getz/Gilberto,,"Phil Ramone, engineer (Stan Getz & Joao Gilberto)",Stan Getz,workers,C,
1962|Best Background Arrangement|I Left My Heart In San Francisco|,1962,Best Background Arrangement,I Left My Heart In San Francisco,,"Marty Manning, arranger (Tony Bennett)",Tony Bennett,workers,C,
2012|Best Recording Package|Biophilia|,2012,Best Recording Package,Biophilia,,"Michael Amzalag & Mathias Augustyniak, art directors (Björk)",Björk,workers,C,
2001|Best Musical Show Album|The Producers|,2001,Best Musical Show Album,The Producers,,"Mel Brooks, composer & lyricist; Hugh Fordin, producer; Cynthia Daniels, engineer (Original Broadway Cast With Nathan Lane & Matthew Broderick)",Mel Brooks (Various Artists Including Nathan Lane & Matthew Broderick),workers,B,
1984|Best Historical Album|Big Band Jazz|,1984,Best Historical Album,Big Band Jazz,,"(Paul Whiteman, Fletcher Henderson, Chick Webb, Tommy Dorsey, Count Basie, Benny Goodman & Others)",Count Basie,workers,C,
2019|Best Song Written For Visual Media|I'll Never Love Again (Film Version)|,2019,Best Song Written For Visual Media,I'll Never Love Again (Film Version),,"Natalie Hemby, Lady Gaga, Hillary Lindsey & Aaron Raitiere, songwriters (Lady Gaga & Bradley Cooper)",Bradley Cooper,workers,B,
2014|Best New Artist|Sam Smith|,2014,Best New Artist,Sam Smith,,,Sam Smith,nominee,A,
2019|Best New Artist|Billie Eilish|,2019,Best New Artist,Billie Eilish,,,Billie Eilish,nominee,A,
1959|Best New Artist Of 1959|Bobby Darin|,1959,Best New Artist Of 1959,Bobby Darin,,,Bobby Darin,nominee,A,
2007|Best New Artist|Amy Winehouse|,2007,Best New Artist,Amy Winehouse,,,Amy Winehouse,nominee,A,
1973|Best New Artist|Bette Midler|,1973,Best New Artist,Bette Midler,,,Bette Midler,nominee,A,
1999|Best New Artist|Christina Aguilera|,1999,Best New Artist,Christina Aguilera,,,Christina Aguilera,nominee,A,
1984|Best New Artist|Cyndi Lauper|,1984,Best New Artist,Cyndi Lauper,,,Cyndi Lauper,nominee,A,
1982|Producer Of The Year|Toto|,1982,Producer Of The Year,Toto,,,TOTO,nominee,C,
1991|Producer Of The Year (Non Classical)|David Foster|,1991,Producer Of The Year (Non Classical),David Foster,,,David Foster,nominee,C,
2019|Best New Artist|Lizzo|,2019,Best New Artist,Lizzo,,,Lizzo Featuring Gucci Mane,nominee,A,
2018|Best New Artist|Dua Lipa|,2018,Best New Artist,Dua Lipa,,,Dua Lipa,nominee,A,
1980|Best New Artist|Christopher Cross|,1980,Best New Artist,Christopher Cross,,,Christopher Cross,nominee,A,
2003|Best New Artist|Evanescence|,2003,Best New Artist,Evanescence,,,Evanescence,nominee,A,
1983|Best New Artist|Culture Club|,1983,Best New Artist,Culture Club,,,Culture Club,nominee,A,
1996|Producer Of The Year|Babyface|,1996,Producer Of The Year,Babyface,,,Babyface,nominee,C,
2013|Best New Artist|Macklemore & Ryan Lewis|,2013,Best New Artist,Macklemore & Ryan Lewis,,,Macklemore,nominee,A,
"1969|Best New Artist Of The Year|Crosby, Stills And Nash|",1969,Best New Artist Of The Year,"Crosby, Stills And Nash",,,"Crosby, Stills & Nash",nominee,A,
1984|Producer Of The Year (Non-Classical)|David Foster|,1984,Producer Of The Year (Non-Classical),David Foster,,,David Foster,nominee,C,
"2012|Producer Of The Year, Non-Classical|Dan Auerbach|",2012,"Producer Of The Year, Non-Classical",Dan Auerbach,,,Dan Auerbach,nominee,C,
"1978|Producer Of The Year|Bee Gees, Albhy Galuten & Karl Richardson|",1978,Producer Of The Year,"Bee Gees, Albhy Galuten & Karl Richardson",,,Bee Gees,nominee,C,
1975|Best New Artist Of The Year|Natalie Cole|,1975,Best New Artist Of The Year,Natalie Cole,,,Natalie Cole,nominee,A,
1996|Best New Artist|LeAnn Rimes|,1996,Best New Artist,LeAnn Rimes,,,LeAnn Rimes,nominee,A,
1972|Best New Artist Of The Year|America|,1972,Best New Artist Of The Year,America,,,America,nominee,A,
2011|Best New Artist|Bon Iver|,2011,Best New Artist,Bon Iver,,,Bon Iver,nominee,A,
1985|Best New Artist|Sade|,1985,Best New Artist,Sade,,,Sade,nominee,A,
2016|Best New Artist|Chance The Rapper|,2016,Best New Artist,Chance The Rapper,,,Chance the Rapper,nominee,A,
2004|Best New Artist|Maroon 5|,2004,Best New Artist,Maroon 5,,,Maroon 5,nominee,A,
2017|Best New Artist|Alessia Cara|,2017,Best New Artist,Alessia Cara,,,Alessia Cara,nominee,A,
1995|Best New Artist|Hootie & The Blowfish|,1995,Best New Artist,Hootie & The Blowfish,,,Hootie & The Blowfish,nominee,A,
1994|Best New Artist|Sheryl Crow|,1994,Best New Artist,Sheryl Crow,,,Sheryl Crow,nominee,A,
2019|Best New Artist|Black Pumas|,2019,Best New Artist,Black Pumas,,,Black Pumas,nominee,A,
2019|Best New Artist|Lil Nas X|,2019,Best New Artist,Lil Nas X,,,Lil Nas X,nominee,A,
1983|Producer Of The Year (Non-Classical)|Michael Jackson & Quincy Jones|,1983,Producer Of The Year (Non-Classical),Michael Jackson & Quincy Jones,,,Quincy Jones,nominee,C,
1992|Producer Of The Year (Non-Classical)|Brian Eno & Daniel Lanois|,1992,Producer Of The Year (Non-Classical),Brian Eno & Daniel Lanois,,,Brian Eno,nominee,C,
1992|Producer Of The Year (Non-Classical)|Babyface & L.A. Reid|,1992,Producer Of The Year (Non-Classical),Babyface & L.A. Reid,,,Babyface,nominee,C,
1990|Producer Of The Year (Non-Classical)|Quincy Jones|,1990,Producer Of The Year (Non-Classical),Quincy Jones,,,Quincy Jones,nominee,C,
2008|Best New Artist|Adele|,2008,Best New Artist,Adele,,,Adele,nominee,A,
1981|Producer Of The Year|Quincy Jones|,1981,Producer Of The Year,Quincy Jones,,,Quincy Jones,nominee,C,
1995|Producer Of The Year|Babyface|,1995,Producer Of The Year,Babyface,,,Babyface,nominee,C,
"2018|Producer Of The Year, Non-Classical|Pharrell Williams|",2018,"Producer Of The Year, Non-Classical",Pharrell Williams,,,Pharrell Williams,nominee,C,
