genre_family,n_grammy_artists,n_non_grammy_artists,mean_pop_grammy,mean_pop_non,diff,mean_pop_grammy_strict,diff_strict,stratified_weighted_diff
Metal,39,1414,51.36,31.26,20.11,56.48,25.22,2.81
Electronic,119,6584,49.88,34.49,15.39,50.19,15.7,2.81
World,72,3678,40.99,35.96,5.02,46.21,10.25,2.81
Reggae & Caribbean,53,1578,43.24,38.22,5.02,42.88,4.66,2.81
Latin,71,2935,41.82,37.88,3.94,41.39,3.51,2.81
Jazz Blues Soul,188,2047,41.94,39.56,2.38,42.31,2.75,2.81
Rock,182,3046,40.67,38.54,2.13,40.76,2.21,2.81
Classical & Instrumental,156,2773,31.69,30.58,1.11,38.5,7.92,2.81
Pop,67,2996,41.26,41.54,-0.29,40.77,-0.77,2.81
Hip-Hop & R&B,39,922,44.47,44.97,-0.5,49.71,4.75,2.81
Country & Folk,161,1320,32.66,37.69,-5.03,31.5,-6.2,2.81
Mood & Media,52,3369,29.8,35.73,-5.93,32.44,-3.28,2.81
