year,awards,recognized_artists,matched_awards,matched_share_pct
1958,28,18,14,50.0
1959,35,25,17,48.57
1960,39,24,16,41.03
1961,41,27,13,31.71
1962,39,29,13,33.33
1963,42,29,18,42.86
1964,47,28,28,59.57
1965,47,29,22,46.81
1966,43,30,17,39.53
1967,50,30,23,46.0
1968,40,28,20,50.0
1969,45,38,18,40.0
1970,43,31,21,48.84
1971,44,31,18,40.91
1972,47,37,22,46.81
1973,46,34,26,56.52
1974,48,36,21,43.75
1975,48,40,22,45.83
1976,49,33,26,53.06
1977,52,41,26,50.0
1978,52,39,28,53.85
1979,58,42,35,60.34
1980,60,45,36,60.0
1981,61,47,32,52.46
1982,63,46,36,57.14
1983,68,50,34,50.0
1984,69,53,45,65.22
1985,72,58,21,29.17
1986,69,57,39,56.52
1987,71,61,27,38.03
1988,76,61,24,31.58
1989,75,63,33,44.0
1990,77,62,34,44.16
1991,79,61,41,51.9
1992,81,63,38,46.91
1993,79,63,40,50.63
1994,88,68,48,54.55
1995,88,71,49,55.68
1996,89,66,54,60.67
1997,92,66,46,50.0
1998,95,67,54,56.84
1999,98,75,53,54.08
2000,100,78,53,53.0
2001,102,80,52,50.98
2002,104,79,56,53.85
2003,105,80,59,56.19
2004,107,77,65,60.75
2005,108,82,63,58.33
2006,110,78,61,55.45
2007,111,84,65,58.56
2008,111,85,68,61.26
2009,109,81,59,54.13
2010,109,85,64,58.72
2011,78,53,48,61.54
2012,82,67,49,59.76
2013,84,66,46,54.76
2014,83,63,49,59.04
2015,84,61,45,53.57
2016,85,62,52,61.18
2017,86,63,49,56.98
2018,86,61,49,56.98
2019,433,299,225,51.96
