artist_display_name,awards,first_award_year,last_award_year,spotify_track_count,in_spotify,rank
Chicago Symphony Orchestra,30,1960,2008,6,1,1
John Williams,27,1975,2019,7,1,2
Beyoncé,24,2003,2019,6,1,3
Stevie Wonder,24,1973,2006,238,1,3
Ray Charles & Chaka Khan,23,1960,2012,23,1,4
Jay-Z & Swizz Beatz,22,1998,2014,3,1,5
Tony Bennett,22,1962,2015,17,1,5
Aretha Franklin,21,1967,2007,15,1,6
Bruce Springsteen,21,1984,2011,6,1,6
Eric Clapton,21,1972,2007,14,1,6
Kanye West,20,2004,2012,12,1,7
Vince Gill,20,1990,2019,5,1,7
Frank Sinatra And Original Cast,19,1958,1995,5,1,8
Quincy Jones (And Various Artists),19,1969,2018,3,1,8
Barbra Streisand,17,1963,2019,3,1,9
Linda Ronstadt,17,1975,1999,1,1,9
B.B. King,16,1970,2008,27,1,10
Ella Fitzgerald,16,1958,1994,262,1,10
The Beatles,16,1964,2016,280,1,10
